years_experience,education_level,job_title,company_size,location,salary
7.49080237694725,Bachelor,Designer,Large,Remote,120962.87166251041
19.01428612819832,Master,Product Manager,Large,Seattle,187717.5012487393
14.639878836228101,PhD,Product Manager,Large,Austin,191758.61716466668
11.973169683940732,Master,Product Manager,Large,Austin,156622.0088528213
3.1203728088487304,Master,Designer,Large,New York,126987.07037823483
3.119890406724053,Master,Data Scientist,Small,Seattle,113670.635421904
1.1616722433639892,Master,Designer,Large,San Francisco,131101.99181460205
17.323522915498703,Master,Data Scientist,Large,New York,175342.6319607305
12.022300234864176,Bachelor,Designer,Small,New York,114504.31990121417
14.161451555920909,Bachelor,Designer,Small,Remote,115534.47051668499
0.41168988591604894,Bachelor,Data Scientist,Small,Remote,78889.36283235265
19.398197043239886,PhD,Product Manager,Small,Remote,166053.84865249417
16.648852816008436,PhD,Data Scientist,Small,New York,173753.08626507258
4.246782213565523,Bachelor,Software Engineer,Small,San Francisco,102010.84369078494
3.6364993441420124,Master,Software Engineer,Large,Austin,128492.08445441558
3.6680901970686763,PhD,Data Scientist,Large,Remote,145869.25331787104
6.0848448591907545,Bachelor,Designer,Medium,San Francisco,116377.06514581118
10.495128632644757,Master,Software Engineer,Large,Seattle,162397.15011839318
8.638900372842315,PhD,Software Engineer,Large,Remote,153325.61965783336
5.824582803960839,Bachelor,Designer,Small,Austin,88994.44131115865
12.23705789444759,Master,Designer,Small,Seattle,143718.31869467313
2.7898772130408367,Bachelor,Product Manager,Large,Seattle,122661.27253042556
5.842892970704363,PhD,Designer,Medium,Austin,130645.17676259525
7.327236865873834,PhD,Data Scientist,Small,Remote,130950.13657952487
9.12139968434072,PhD,Data Scientist,Large,New York,170390.31755811346
15.703519227860273,Bachelor,Product Manager,Large,Austin,162687.7241704865
3.9934756431671947,PhD,Software Engineer,Medium,Austin,137244.38471401515
10.284688768272233,Master,Software Engineer,Medium,Austin,136972.80790268822
11.84829137724085,Bachelor,Designer,Small,Seattle,119143.52860940472
0.9290082543999545,Master,Data Scientist,Medium,San Francisco,118657.10355506171
12.150897038028766,Bachelor,Software Engineer,Large,New York,134881.96184181023
3.4104824737458306,Master,Product Manager,Large,Remote,139064.72486769466
1.3010318597055903,Bachelor,Product Manager,Medium,Remote,89722.73564160409
18.977710745066666,Bachelor,Data Scientist,Medium,San Francisco,163010.67901898944
19.312640661491187,Bachelor,Product Manager,Medium,Austin,163660.953394724
16.16794696232922,Master,Product Manager,Medium,New York,169552.4073829745
6.092275383467413,Bachelor,Data Scientist,Small,Remote,102917.0515054307
1.9534422801276774,Master,Designer,Medium,Remote,103574.4685967364
13.684660530243137,Bachelor,Designer,Small,Austin,123401.89427753384
8.803049874792027,Bachelor,Product Manager,Large,San Francisco,152886.28605720052
2.4407646968955765,Master,Designer,Medium,New York,115639.5327364443
9.903538202225404,Master,Designer,Small,San Francisco,131089.3819463845
0.6877704223043679,Bachelor,Product Manager,Medium,San Francisco,119994.97614480379
18.186408041575643,Master,Designer,Large,New York,167578.5936347808
5.175599632000338,PhD,Product Manager,Large,New York,158261.26955609745
13.25044568707964,Master,Software Engineer,Large,Remote,154224.9546344746
6.2342215217882195,Bachelor,Data Scientist,Medium,Remote,113210.78144566147
10.401360423556216,Bachelor,Data Scientist,Medium,New York,139646.29204939932
10.934205586865593,PhD,Designer,Small,Seattle,155918.9326880278
3.697089110510541,Bachelor,Designer,Large,Remote,105677.8431383255
19.391692555291172,PhD,Designer,Medium,Seattle,174572.84961468994
15.502656467222291,Master,Data Scientist,Large,New York,180646.37431641534
18.789978831283783,PhD,Software Engineer,Large,Remote,185959.77484718317
17.896547008552975,Master,Software Engineer,Small,San Francisco,159860.34057522743
11.957999576221702,PhD,Data Scientist,Small,New York,159518.54450647903
18.437484700462335,Bachelor,Software Engineer,Small,Austin,130126.12539657336
1.76985004103839,Master,Data Scientist,Small,Seattle,118402.70072366387
3.919657248382904,Bachelor,Software Engineer,Large,New York,110177.6215397782
0.9045457782107613,Bachelor,Product Manager,Small,New York,93672.5452906991
6.506606615265287,Master,Product Manager,Small,Remote,123069.4654917985
7.773545793789641,PhD,Data Scientist,Small,Remote,138685.07109633338
5.426980635477918,PhD,Software Engineer,Small,Remote,122908.1262036028
16.57475018303859,Master,Designer,Large,Austin,158293.4073656759
7.135066533871786,Bachelor,Software Engineer,Small,Remote,85830.8681265304
5.618690193747615,Bachelor,Product Manager,Large,New York,130810.96508298605
10.85392166316497,Master,Product Manager,Medium,Remote,145229.19037361757
2.818484499495253,Bachelor,Software Engineer,Large,San Francisco,121871.62796880753
16.043939615080795,Bachelor,Software Engineer,Large,Remote,143018.92913977028
1.4910128735954165,Bachelor,Designer,Small,Austin,78544.95128119664
19.737738732010346,Bachelor,Designer,Medium,San Francisco,157604.6851069239
15.444895385933147,Bachelor,Software Engineer,Medium,New York,141714.0731075985
3.974313630683448,Bachelor,Software Engineer,Medium,New York,105559.46798128805
0.11044234247204798,Bachelor,Software Engineer,Medium,Seattle,107547.77479557585
16.309228569096682,Bachelor,Software Engineer,Large,San Francisco,152895.59146537137
14.137146876952343,PhD,Data Scientist,Medium,Seattle,174682.22770100163
14.580143360819747,Bachelor,Software Engineer,Large,San Francisco,154389.1489648731
15.425406933718914,Bachelor,Designer,Large,San Francisco,157371.7738013288
1.4808930346818072,Master,Product Manager,Large,Austin,129828.40303346104
7.169314570885453,Bachelor,Data Scientist,Medium,Seattle,134618.9092204035
2.3173811905025943,PhD,Software Engineer,Small,Austin,126707.85381299675
17.26206851751187,Master,Product Manager,Small,San Francisco,167920.7882746832
12.465962536551158,Bachelor,Data Scientist,Medium,New York,137400.3879348216
6.617960497052984,Bachelor,Product Manager,Small,San Francisco,125835.40357578071
1.2711670057204727,PhD,Software Engineer,Small,Austin,109824.43227547473
6.219646434313244,PhD,Software Engineer,Large,Seattle,161800.84948312785
6.503666440534941,Bachelor,Designer,Large,Seattle,123313.4624777801
14.59212356676128,Master,Software Engineer,Medium,Austin,143438.19644727896
12.751149427104263,Bachelor,Software Engineer,Medium,Seattle,136855.6067599801
17.74425485152653,PhD,Data Scientist,Small,Remote,158244.39169087636
9.444298503238986,Bachelor,Designer,Large,New York,133516.12965681325
2.391884918766034,PhD,Data Scientist,Medium,New York,146683.45103186645
14.2648957444599,Master,Product Manager,Medium,New York,164018.7841028524
15.215700972337949,Master,Software Engineer,Medium,Seattle,161203.48675728025
11.225543951389925,Master,Product Manager,Medium,Seattle,159438.80568854068
15.41934359909122,Bachelor,Data Scientist,Medium,San Francisco,162169.20094196525
9.875911927287815,Bachelor,Software Engineer,Medium,San Francisco,140431.23079984938
10.454656587639882,Bachelor,Software Engineer,Small,New York,115785.70192017849
8.550820367170992,Bachelor,Data Scientist,Large,Remote,126915.41073840843
0.5083825348819038,Master,Data Scientist,Large,San Francisco,139788.3796405311
2.157828539866089,Bachelor,Data Scientist,Medium,San Francisco,110785.0483368446
0.628583713734685,Bachelor,Data Scientist,Large,Seattle,122948.79232830634
12.728208225275608,PhD,Data Scientist,Large,Remote,176858.78413196295
6.287119621526534,PhD,Software Engineer,Large,New York,159686.51938877685
10.171413823294056,PhD,Data Scientist,Medium,San Francisco,164286.2719118094
18.15132947852186,PhD,Software Engineer,Medium,Remote,159603.9861584712
4.985844582977499,Bachelor,Software Engineer,Large,Remote,113501.12711652216
8.207658460712594,Bachelor,Data Scientist,Large,New York,130822.02813732735
15.111022770860973,Master,Data Scientist,Medium,Remote,151768.73508319783
4.575963309832449,Master,Designer,Small,Remote,106403.6335295351
1.5395981965758598,Bachelor,Software Engineer,Large,Remote,96334.01870773552
5.795029058275361,Master,Data Scientist,Small,San Francisco,130497.31389278127
3.2244257450800884,Bachelor,Data Scientist,Large,New York,121056.89209818185
18.59395304685146,Bachelor,Data Scientist,Small,Remote,129294.31094064323
16.16240759128834,Master,Designer,Small,Remote,129697.94179383563
12.66807513020847,Master,Designer,Small,San Francisco,143128.51290938177
17.429211803754356,Master,Product Manager,Medium,New York,170785.36106717432
16.07344153798229,Bachelor,Software Engineer,Small,Seattle,141262.363382943
3.7314011777207168,PhD,Product Manager,Small,San Francisco,160024.1016053585
17.851179969799556,Bachelor,Data Scientist,Small,New York,144049.2316064893
10.786844838313014,Bachelor,Designer,Large,Remote,118151.97478474899
16.14880310328125,PhD,Designer,Small,New York,165537.61108363158
17.921825998469863,PhD,Product Manager,Large,New York,190821.38561880848
6.3600694994372775,PhD,Designer,Small,New York,122135.6676431663
2.201038490553535,Master,Data Scientist,Small,Seattle,113627.59827842198
4.558703250838834,Master,Designer,Medium,New York,117261.67614991836
8.542155772525126,Master,Product Manager,Large,Seattle,157531.10363498935
16.36029531844986,Bachelor,Data Scientist,Small,Remote,128923.32433323447
17.214611665126867,Bachelor,Product Manager,Large,Seattle,173017.54450911234
0.13904261062381407,Bachelor,Designer,Large,Remote,95761.92550824714
10.214946051551316,Bachelor,Product Manager,Medium,Remote,126100.77952387286
8.34822006297558,Master,Product Manager,Medium,Seattle,147234.92895045123
4.442156209414605,Bachelor,Software Engineer,Medium,San Francisco,123399.69556044087
2.397307346673656,Bachelor,Designer,Medium,Austin,88103.34466137031
6.752303428072559,Bachelor,Designer,Medium,New York,102093.89655578106
18.858194078250385,Master,Product Manager,Medium,Austin,177604.36232427385
6.464058640415105,Bachelor,Software Engineer,Medium,New York,120101.44214530017
10.375812434867322,PhD,Designer,Medium,New York,147165.94534358144
14.060379177903556,Bachelor,Data Scientist,Small,Remote,120185.64326460603
7.27259204758588,Bachelor,Product Manager,Large,New York,132233.138416108
19.435641654419214,Master,Designer,Medium,New York,164940.0460510833
19.248945898842223,Master,Data Scientist,Medium,Seattle,186407.08415336706
5.035645916507283,Bachelor,Designer,Large,Austin,113621.34674249747
9.94497011784771,Master,Data Scientist,Small,Seattle,145013.5335664583
6.017566196335393,Master,Product Manager,Large,New York,152151.34024746122
5.696809887549352,Bachelor,Designer,Large,Remote,107089.8339198526
0.7377389470906559,PhD,Designer,Medium,Seattle,132629.91903082855
12.191286679597937,Master,Software Engineer,Large,Seattle,165299.01285335782
10.05358046457723,Master,Product Manager,Large,San Francisco,177357.96996949735
1.029575024999787,PhD,Data Scientist,Medium,New York,130790.98036919057
5.572929284732229,PhD,Designer,Medium,Remote,118028.22965646975
18.165317719333075,Master,Designer,Medium,Seattle,169722.20823236462
4.791237813339448,Master,Data Scientist,Medium,Seattle,136122.56104304866
2.897897441824462,Master,Product Manager,Large,Remote,127213.4618238672
9.78905520555126,Master,Software Engineer,Large,New York,148166.40155511635
19.713009082212015,Master,Software Engineer,Small,San Francisco,181912.45887614661
4.841105430230009,Master,Designer,Small,Seattle,111312.34302801867
13.442710948117572,Bachelor,Data Scientist,Large,San Francisco,156061.61631022106
15.23239230657435,PhD,Designer,Small,Austin,151123.5980871898
4.752750879847993,PhD,Data Scientist,Large,New York,160160.70702940878
14.564326972237192,Bachelor,Software Engineer,Small,Austin,135084.9908493577
7.355662654385064,Master,Product Manager,Medium,Austin,140353.81278010306
12.646116611871589,Bachelor,Data Scientist,Small,Austin,116586.30611571761
12.670594215217895,Bachelor,Software Engineer,Medium,New York,142866.1039992427
10.71549368149517,Master,Designer,Medium,New York,137049.13754910004
1.805795401088166,Bachelor,Data Scientist,Medium,Remote,91228.83904378965
16.70604991178476,Master,Product Manager,Medium,San Francisco,174721.18744985753
6.415601299434717,Master,Designer,Small,San Francisco,128428.44749498143
3.7303702079970846,Master,Designer,Large,Remote,117385.25755492333
0.8155028310952783,Bachelor,Software Engineer,Medium,Remote,89171.88537801508
11.817858863764837,Bachelor,Data Scientist,Small,Austin,126886.09218665418
13.55128723684565,Master,Designer,Medium,Remote,131643.08875298873
0.33175657855712304,PhD,Product Manager,Small,Seattle,137826.0428770396
10.24186116598562,Master,Data Scientist,Small,San Francisco,143129.7968839884
4.529915503958759,Bachelor,Product Manager,Small,Remote,109409.78338143806
12.903455808188998,Master,Designer,Large,Seattle,161704.0625045327
3.487328580099829,Master,Product Manager,Small,Seattle,120860.7930914176
13.81875476204932,Master,Software Engineer,Small,Seattle,136329.17386954557
7.734706926010748,Bachelor,Product Manager,Large,Seattle,147248.74438942727
18.73459977473469,Master,Data Scientist,Large,Austin,174332.89794425314
2.750418882919865,Master,Product Manager,Small,Seattle,122473.42817615041
6.82132702100517,PhD,Product Manager,Large,Austin,164294.96110888605
2.2694704248117814,Bachelor,Software Engineer,Medium,Austin,101860.48040568862
18.493872365571256,Master,Product Manager,Medium,Seattle,186600.16880006023
17.54678706761962,PhD,Product Manager,Large,San Francisco,201766.15466094416
5.158832554303112,Bachelor,Designer,Large,Seattle,127605.97141103227
13.19968092068358,PhD,Designer,Small,Seattle,151703.81608121
16.344444004024318,Master,Data Scientist,Large,Seattle,167752.08233833182
11.104016231989247,Bachelor,Designer,Small,San Francisco,117419.84696166751
10.59301156712013,Bachelor,Designer,Medium,New York,122869.16016202321
4.837045818009034,Master,Designer,Large,New York,124617.06622362141
1.8620553561179842,Bachelor,Designer,Small,Austin,80145.94372247373
17.944315159066534,Master,Software Engineer,Small,Austin,150524.2079148455
18.008361143266608,Bachelor,Designer,Medium,San Francisco,153118.1564142534
12.66202914546536,Master,Software Engineer,Large,Remote,145514.3157471125
6.780595820974014,Bachelor,Software Engineer,Medium,New York,109088.30714798092
6.984191492253218,PhD,Designer,Small,Austin,126062.29351783631
14.519113577404788,PhD,Product Manager,Small,New York,158232.5537942907
17.942205199051543,PhD,Software Engineer,Large,San Francisco,195396.62538855753
17.741728485302346,Master,Product Manager,Small,San Francisco,168586.26491060323
15.597510917152476,Bachelor,Product Manager,Large,Remote,150595.64849391283
12.840632923085755,Master,Designer,Medium,Remote,132455.24977271093
1.6827992999009767,Bachelor,Data Scientist,Large,San Francisco,129848.18127187165
3.2325742818922754,Bachelor,Designer,Large,Austin,112615.10923192481
17.971083770541586,Bachelor,Data Scientist,Small,New York,138324.35711043992
12.128581193191799,Bachelor,Data Scientist,Small,Seattle,141349.90670592553
0.18394103233259296,Master,Designer,Large,Remote,101655.34509939062
2.029430857320642,Master,Designer,Small,Seattle,106950.92648657737
13.270035382161115,Bachelor,Data Scientist,Small,Austin,127364.42109222493
0.10123167692437374,Bachelor,Designer,Small,Remote,82526.60879368565
3.216161028349973,PhD,Data Scientist,Large,Seattle,151937.0713962366
10.974675787331723,Bachelor,Product Manager,Small,Austin,113940.3372971049
13.837903953853864,Bachelor,Designer,Large,New York,148965.60921252647
13.039225190052012,Bachelor,Product Manager,Small,Austin,124950.80777617886
4.485386189211196,Master,Software Engineer,Medium,Remote,111648.21566475563
14.243584426950717,Master,Product Manager,Small,San Francisco,157142.00501122128
4.744981749936001,Bachelor,Product Manager,Small,New York,107441.42638456341
6.5079939631853545,Bachelor,Data Scientist,Large,Seattle,130322.02420852883
14.929828102360483,Master,Product Manager,Large,Remote,168171.6933895553
12.992657980944294,Master,Designer,Small,San Francisco,144381.93209144278
16.98446820988356,Bachelor,Data Scientist,Medium,Austin,142548.12882657727
13.152257846006867,PhD,Software Engineer,Small,San Francisco,169436.13342131526
11.366172066709431,Bachelor,Designer,Small,Remote,105373.49995350129
1.8734953565618495,Bachelor,Software Engineer,Medium,Remote,81390.24481746527
7.354316061188671,PhD,Product Manager,Large,San Francisco,181661.46475398753
5.304047353634509,Bachelor,Designer,Small,Austin,91836.4814801667
4.8797928675816715,Master,Designer,Large,San Francisco,146593.04104070272
19.460211095048912,Bachelor,Software Engineer,Large,Remote,154000.22041685996
7.861954493335208,Bachelor,Designer,Medium,Remote,99627.31672716764
17.840931103542268,PhD,Designer,Medium,Seattle,177501.31664411764
12.622772519945258,Bachelor,Designer,Large,Seattle,146887.91421423937
15.896226070832968,PhD,Product Manager,Small,New York,168834.9929139946
10.052741862103842,Bachelor,Software Engineer,Large,Remote,122956.74165077374
11.538077692527182,Bachelor,Designer,Small,Seattle,118505.7901775862
9.850353876377278,Bachelor,Data Scientist,Small,San Francisco,123804.20357805247
3.90485975596089,Master,Data Scientist,Medium,Austin,117932.9621447398
14.449042305230106,Bachelor,Data Scientist,Small,San Francisco,144209.87787471127
5.615447248817116,PhD,Data Scientist,Small,Austin,137858.73048471636
0.4863193286290768,Bachelor,Product Manager,Large,Seattle,123044.6929094396
12.909445918143357,PhD,Designer,Medium,New York,158499.03145758496
3.542213588140979,Bachelor,Software Engineer,Small,San Francisco,101470.28689466137
18.809171687058285,PhD,Designer,Small,San Francisco,181903.31711977604
19.078571540051747,Master,Product Manager,Medium,San Francisco,189403.24211988947
18.29728780440897,Master,Data Scientist,Large,Austin,171358.2145956307
7.4031740051088875,Master,Product Manager,Medium,Seattle,151702.76430875115
0.30913233057734857,Master,Designer,Medium,San Francisco,118725.28229928437
18.566371251754507,Master,Software Engineer,Small,San Francisco,161631.4620084323
8.563682966346287,Bachelor,Product Manager,Small,New York,120184.15761771785
19.333096380873393,Bachelor,Software Engineer,Large,New York,160535.4255014055
19.272399541785056,PhD,Product Manager,Small,Seattle,200984.8883255132
17.060189109347203,Master,Software Engineer,Small,Seattle,158839.2917436699
5.888977841391714,Master,Software Engineer,Medium,Remote,118600.74379841634
7.701954572038505,Bachelor,Data Scientist,Small,New York,115469.17899649909
17.022733430337137,Bachelor,Software Engineer,Large,Remote,152964.01323199892
6.338440103125553,Bachelor,Data Scientist,Medium,Austin,113598.41958718434
3.3898549337218498,Master,Designer,Large,Remote,112220.01831183676
11.136025249167004,Bachelor,Designer,Medium,San Francisco,137629.49188798812
18.72309548321562,Bachelor,Data Scientist,Small,Remote,135294.5636196403
13.92059593349946,Bachelor,Data Scientist,Medium,Seattle,141412.31115509584
11.401223401787298,Bachelor,Product Manager,Medium,Austin,127880.23804658161
1.9435298754153707,Master,Product Manager,Small,San Francisco,133477.07238044377
12.300144533983396,Bachelor,Product Manager,Small,Remote,122558.6564365466
19.801077002085265,Master,Designer,Large,Austin,166455.3940862938
2.8016803047304806,Bachelor,Product Manager,Large,Austin,117233.36635898112
10.366593047274735,Bachelor,Software Engineer,Small,San Francisco,130137.00273186596
17.547461438559107,Bachelor,Software Engineer,Small,Remote,126175.3567364671
14.815372355084088,Bachelor,Product Manager,Small,Austin,127199.01841936518
13.94031481990536,Bachelor,Software Engineer,Medium,Austin,133450.1487204557
14.049681679742186,Bachelor,Designer,Medium,New York,138190.78412709438
7.189823024395103,Master,Software Engineer,Medium,Austin,132276.7906630466
5.871836885289867,Bachelor,Designer,Small,New York,94818.86096518337
16.187223109570272,Master,Data Scientist,Large,Remote,169907.5326110027
16.202267893583617,PhD,Data Scientist,Small,Remote,159671.55354910894
17.341446371602075,Master,Data Scientist,Medium,Remote,163230.07583419984
18.264811051129428,Bachelor,Data Scientist,Medium,Seattle,162662.86830340105
10.226847977218757,Bachelor,Software Engineer,Small,Remote,98072.55971849292
10.030325893743992,Bachelor,Product Manager,Small,Austin,128824.67236877371
15.965903579335503,Bachelor,Software Engineer,Medium,San Francisco,153156.62999400127
12.999278615555303,PhD,Designer,Medium,New York,161881.80496623498
14.039337545154067,Bachelor,Software Engineer,Medium,Seattle,135397.789493103
15.91585338872202,Bachelor,Software Engineer,Small,Remote,125274.1926665564
17.800106836351326,Master,Designer,Medium,Remote,153914.95917276727
6.759903137030716,Master,Data Scientist,Medium,San Francisco,154956.31109408417
7.51165905279888,Master,Data Scientist,Large,San Francisco,164536.97613237303
1.87963879681738,Bachelor,Data Scientist,Small,Seattle,103410.03991018234
11.56560281992348,Bachelor,Product Manager,Large,New York,141974.92169302853
0.7188454759348417,Master,Designer,Large,Remote,107817.90038029164
9.311960362649202,Bachelor,Designer,Medium,Seattle,119973.33326188296
10.852892694151532,Bachelor,Software Engineer,Small,Austin,113733.56745653583
5.730825042565688,Bachelor,Product Manager,Medium,Austin,111110.84596372157
11.816665211380215,Bachelor,Data Scientist,Small,Seattle,129399.16109518115
0.6100049987809886,Bachelor,Product Manager,Large,Remote,104244.09957731263
0.7469637749842883,Bachelor,Designer,Small,Seattle,84500.05954510662
16.452011213193167,Master,Designer,Medium,Remote,141664.85270962372
7.203812828225258,Master,Software Engineer,Medium,San Francisco,140932.16490273454
2.5412102530376957,Master,Software Engineer,Medium,Seattle,124054.6045543532
10.444865201096087,Bachelor,Designer,Small,Remote,88842.12766393101
15.399871061972217,Bachelor,Data Scientist,Large,Seattle,149317.44890422732
4.316420549936863,Bachelor,Data Scientist,Large,Seattle,126255.80495020121
12.457809516380005,Master,Product Manager,Small,Remote,136384.58332561195
1.70694929987536,Master,Designer,Medium,Remote,101066.40398264579
1.033634423372154,Bachelor,Designer,Large,New York,99462.54149583534
10.62709263136296,PhD,Data Scientist,Medium,Seattle,166928.60386420228
10.81270243220213,Bachelor,Data Scientist,Small,Austin,118070.72332169667
12.748598029964132,Master,Designer,Medium,Seattle,144573.00360556506
14.52182667445323,Master,Software Engineer,Large,Seattle,173632.7591320652
19.51704158925069,PhD,Designer,Large,Remote,179436.05632502737
10.326006966023906,Master,Designer,Medium,Seattle,143712.82637538816
6.459129458824919,Master,Data Scientist,Small,Seattle,129721.61703289402
15.903723895374073,Bachelor,Data Scientist,Medium,Austin,153229.53720143082
5.416645025241484,Master,Software Engineer,Small,Remote,109231.92042131272
8.779428414112722,Bachelor,Software Engineer,Medium,Seattle,123898.31866130204
1.5691276268453191,PhD,Product Manager,Large,San Francisco,163812.21730237798
0.5070148683091502,Master,Designer,Small,New York,88333.02001764408
19.252968293558503,Master,Data Scientist,Small,Austin,158356.90619401104
16.719602410244118,Bachelor,Software Engineer,Small,Seattle,141754.6086811923
13.91948412187396,Master,Product Manager,Large,San Francisco,182413.55617601535
8.179058888285397,Master,Product Manager,Medium,Seattle,147868.28231066177
3.4658864014169155,Master,Data Scientist,Large,Seattle,135336.29242006567
3.128740853421721,Bachelor,Data Scientist,Small,Remote,85439.48750001035
5.004857963291906,Bachelor,Product Manager,Medium,Remote,110524.94847111264
10.984533294122409,Bachelor,Software Engineer,Large,Remote,122386.00372022727
14.291918454001246,Bachelor,Product Manager,Small,San Francisco,156726.5934402401
13.203947534354626,PhD,Designer,Small,Seattle,141407.35420634534
5.598677938918857,Bachelor,Designer,Large,New York,115178.84447903355
19.09730561326388,PhD,Data Scientist,Large,Austin,192843.86503533012
14.75793833391537,Bachelor,Software Engineer,Large,Remote,141810.91964091256
11.087081050228013,Bachelor,Software Engineer,Small,Remote,103681.61951437191
12.234414924687044,Master,Designer,Large,Seattle,162374.7187435022
8.392001248555799,Master,Product Manager,Small,Seattle,133206.8485266028
4.954619790023149,Bachelor,Data Scientist,Large,San Francisco,132033.2164270316
7.119453573025232,Master,Product Manager,Small,San Francisco,144462.0984954728
15.156922209287382,Master,Product Manager,Small,Remote,150671.7094518259
0.28786977259511737,Bachelor,Product Manager,Medium,Seattle,103843.60283587988
2.3214528101383247,PhD,Software Engineer,Large,New York,155189.54238249076
0.920052840435055,PhD,Designer,Large,Austin,123272.7007054691
0.8145760463794027,Master,Software Engineer,Small,Seattle,100882.81575149929
17.109211680220145,Bachelor,Designer,Small,Seattle,138841.20949952674
14.073157187600474,Master,Data Scientist,Small,San Francisco,155478.00429489414
9.483476581746505,Bachelor,Data Scientist,Medium,Austin,120970.16818254079
1.9566832130200296,Bachelor,Product Manager,Medium,Remote,103848.26992690869
9.832317502336647,Bachelor,Designer,Small,Seattle,106860.4740548709
9.469435415611313,Bachelor,Designer,Large,Remote,109897.63424696043
3.4640373982003037,PhD,Designer,Large,Seattle,142404.9953688848
8.67703298475946,Master,Product Manager,Medium,Remote,141420.60765154503
7.970094687947469,Master,Product Manager,Medium,Austin,136140.00759677848
12.31700196104433,Bachelor,Data Scientist,Small,San Francisco,144946.78930577607
12.701873017352876,Bachelor,Software Engineer,Large,Austin,144110.69285791807
0.9060801954408904,Bachelor,Designer,Small,New York,84132.9715088601
7.492252292529424,PhD,Designer,Medium,San Francisco,154175.37617446206
12.517198314284727,Bachelor,Software Engineer,Large,Austin,138961.60806793848
10.062725171601754,PhD,Designer,Large,New York,160986.76415821575
17.129796823766444,Master,Product Manager,Medium,Seattle,174558.18198390843
13.1738726323789,Bachelor,Product Manager,Small,Seattle,138270.6787311009
3.258688541628594,Master,Designer,Small,Remote,89426.26484192288
1.4113749480085969,Bachelor,Product Manager,Large,San Francisco,118183.9108975749
12.848385564126312,PhD,Product Manager,Medium,Seattle,184065.50973878917
0.5302262108324363,PhD,Designer,Large,San Francisco,142376.97081642383
11.715511625469265,Bachelor,Data Scientist,Medium,Seattle,140177.59165451673
18.80460482849915,Bachelor,Software Engineer,Small,Remote,133406.06009978685
11.50948355751758,Master,Product Manager,Medium,Austin,145386.4633985845
7.763398524130438,PhD,Data Scientist,Small,Remote,128284.88450546916
12.865764368847064,Bachelor,Product Manager,Medium,New York,142178.8696381504
9.165057809830333,Master,Product Manager,Large,Seattle,169335.66583831006
10.9123357863187,Master,Software Engineer,Small,New York,126893.30221649045
18.8292961755305,Master,Product Manager,Large,New York,173352.56174255066
7.722052756015485,Bachelor,Software Engineer,Large,San Francisco,135559.1528089527
19.223811276478283,Master,Software Engineer,Small,Seattle,168384.93341061077
18.107012839121275,PhD,Software Engineer,Small,New York,160658.31839559207
3.915822695785929,Bachelor,Data Scientist,Large,Austin,110846.05006824344
1.387226017503309,Bachelor,Designer,Large,New York,105479.41175540077
2.015560027548533,PhD,Data Scientist,Large,Austin,153896.2152600223
0.36443651303099456,Bachelor,Designer,Large,San Francisco,104302.251196462
1.888859215118568,PhD,Designer,Small,New York,108681.9071880159
13.660135468327137,Bachelor,Software Engineer,Small,Remote,117673.89824917735
1.4237729692045797,Bachelor,Product Manager,Large,San Francisco,135294.69110758227
6.379512605875226,PhD,Software Engineer,Medium,Austin,136018.0442559971
16.89750621938909,Bachelor,Product Manager,Medium,San Francisco,157585.54787755644
0.4654387147165173,Master,Designer,Small,New York,98565.06224858128
16.289369651778717,Bachelor,Software Engineer,Large,Seattle,161942.315941851
5.637095495467999,Master,Product Manager,Large,Seattle,160804.56211909524
2.363296552433125,Bachelor,Data Scientist,Small,Austin,95374.62521892077
13.934743307283012,Bachelor,Product Manager,Medium,Austin,145944.56030371092
12.57885693559768,PhD,Software Engineer,Medium,Seattle,166425.84508745352
17.54944027054106,Bachelor,Data Scientist,Medium,Austin,159855.8425224705
14.701420876077716,Master,Product Manager,Small,San Francisco,162113.55257529079
16.06961860769697,Bachelor,Product Manager,Medium,Remote,140149.24521603205
5.64069145142613,Master,Product Manager,Small,Remote,125969.64894687143
3.5487908755944564,Bachelor,Product Manager,Small,San Francisco,108275.18623230633
15.012295032817168,PhD,Product Manager,Large,Remote,170799.84317581193
16.13669478534528,Bachelor,Data Scientist,Medium,New York,149007.86897902825
19.810102840013467,Bachelor,Designer,Small,San Francisco,149421.62590366194
8.25235353822853,Bachelor,Data Scientist,Medium,Austin,118617.62070693227
7.440361715855664,Bachelor,Data Scientist,Medium,San Francisco,137290.73393317524
15.528259214839936,Master,Data Scientist,Large,Seattle,172043.74673307696
6.816070805060357,Bachelor,Designer,Medium,Austin,105769.04804330444
18.615146512071295,Master,Software Engineer,Large,Seattle,179044.90977302293
17.168255036860238,Bachelor,Designer,Small,Austin,122048.67261004697
8.579880547500366,Bachelor,Data Scientist,Medium,Remote,115430.44122269769
15.017421355829947,Master,Product Manager,Small,San Francisco,169315.24308396535
15.090857481693646,Master,Product Manager,Medium,New York,175875.41304723345
2.062477376718652,Bachelor,Data Scientist,Small,Austin,94084.5270446508
18.051058133591333,Bachelor,Product Manager,Medium,Austin,141598.99939376675
10.105047448957142,Bachelor,Data Scientist,Medium,Seattle,135124.4419196632
16.529149322154833,Master,Product Manager,Medium,Remote,159836.46192097868
6.400992020612235,Master,Designer,Medium,Seattle,133884.02110973644
17.91046456992401,Bachelor,Software Engineer,Medium,Seattle,154655.44522222073
7.784033574683262,Master,Software Engineer,Medium,Remote,129617.54531056016
0.2167530296059672,Master,Designer,Medium,New York,107608.61216689425
18.107639528385274,Master,Designer,Medium,Seattle,172116.90893264528
1.8257335357226712,PhD,Data Scientist,Medium,Seattle,138283.47100692656
6.386272751808297,Bachelor,Data Scientist,Small,Austin,104880.53559190837
19.0012393410161,Bachelor,Data Scientist,Large,Remote,161136.92569999778
19.012142938751122,Bachelor,Product Manager,Medium,San Francisco,169175.45846478615
11.468757762465723,Bachelor,Data Scientist,Large,New York,140456.20927699178
12.636744243395984,Master,Designer,Medium,New York,139763.4722317545
8.968910439566395,PhD,Software Engineer,Medium,Remote,138160.6532332546
5.864215433961291,Bachelor,Product Manager,Small,Austin,110205.45590626051
6.573290907398319,Bachelor,Data Scientist,Small,Austin,95545.83257402219
13.450369121540769,Bachelor,Product Manager,Large,Remote,137571.25723303275
15.0474905887536,PhD,Product Manager,Small,Austin,174456.2042280471
15.83158087451697,Bachelor,Data Scientist,Small,New York,133869.25901868002
15.792362855891078,Master,Product Manager,Large,New York,178377.16282353198
1.8241220609738074,Bachelor,Software Engineer,Small,San Francisco,93026.63409342579
9.888406094051629,Bachelor,Designer,Medium,Remote,110135.83962110126
1.1511752003328857,PhD,Designer,Large,Seattle,134858.49226259164
10.99057764647471,PhD,Software Engineer,Large,Seattle,165156.28544862207
8.83061002746754,Bachelor,Product Manager,Medium,San Francisco,148176.43227022619
17.754083655165996,PhD,Data Scientist,Small,San Francisco,189175.07960080233
7.018300251041573,Master,Product Manager,Large,Austin,145518.12679955465
2.3413403285521173,PhD,Software Engineer,Large,San Francisco,157021.1161490459
2.859833641056717,Bachelor,Product Manager,Medium,San Francisco,133095.96436180596
15.230212634349446,Master,Designer,Medium,Seattle,159461.01756883878
12.364361266325222,Bachelor,Product Manager,Small,Austin,129491.48249652548
2.022453522455805,Master,Software Engineer,Large,San Francisco,137062.10904978396
1.6821361222999487,Bachelor,Designer,Small,San Francisco,98293.89519119605
14.019382629182399,Bachelor,Product Manager,Small,Austin,130238.55092009902
1.4552601272838706,Bachelor,Product Manager,Medium,Remote,97982.60103604438
16.437201185807126,Master,Designer,Large,Austin,161566.06043348394
14.124844543129925,Bachelor,Data Scientist,Large,Seattle,155005.2092785921
1.6269756128379953,Master,Designer,Large,Remote,108051.92847454647
1.6967542817038384,PhD,Data Scientist,Medium,New York,135091.19616828638
19.732791570023508,Bachelor,Software Engineer,Medium,Austin,154951.41246303587
7.485415915122406,Master,Software Engineer,Medium,Seattle,131792.92897756898
7.412842941337818,Bachelor,Designer,Medium,Remote,106034.42133753975
16.25599134515005,PhD,Designer,Medium,Austin,167726.9560994675
18.944971547677174,Bachelor,Software Engineer,Large,San Francisco,175763.97468951557
19.720021276457416,Master,Data Scientist,Small,Austin,155126.33192832483
15.067563705178832,Master,Software Engineer,Large,New York,156739.2830379818
7.525191710618316,PhD,Designer,Small,Austin,130374.07749391206
1.6700143339733753,Master,Software Engineer,Medium,Remote,105947.73692398994
15.542938318548735,Bachelor,Designer,Small,Remote,121650.69812946186
11.1680849947161,Master,Designer,Large,Austin,140001.5708441006
8.484440184939526,PhD,Software Engineer,Large,Remote,154253.9124361004
18.12708770189472,Master,Data Scientist,Small,San Francisco,174653.32366678122
2.223949646123027,Bachelor,Product Manager,Medium,Austin,106195.30033312233
9.852502085817182,PhD,Software Engineer,Medium,San Francisco,166642.15377377562
0.22707289534838138,Master,Product Manager,Large,San Francisco,142591.0509736656
9.373212839882525,Master,Software Engineer,Small,Seattle,129012.29087449933
1.126065513636747,Bachelor,Product Manager,Medium,Austin,106033.67955233328
2.3763583253614384,Master,Data Scientist,Medium,Remote,120241.56668058939
2.3505249355420976,Bachelor,Data Scientist,Large,San Francisco,127162.59447933947
12.984206042321272,Master,Software Engineer,Medium,Seattle,146647.99343370553
14.920897585308467,Bachelor,Designer,Small,Austin,116326.56010135535
11.667375301943192,Master,Product Manager,Large,Austin,151104.97866157143
19.243450969490837,PhD,Designer,Large,New York,194181.65855370281
7.497411590474082,Bachelor,Designer,Small,New York,106312.76125306271
5.714241725637215,PhD,Designer,Large,San Francisco,154635.87881857253
17.371982563789206,Bachelor,Data Scientist,Medium,New York,145025.64808152293
4.471916770389052,PhD,Software Engineer,Medium,San Francisco,144249.2755199547
19.264450788812226,Master,Software Engineer,Small,Remote,144601.96753795096
0.24308949379632683,Master,Data Scientist,Medium,San Francisco,126276.30647648928
19.39757653415278,Master,Data Scientist,Small,New York,163571.52631845023
0.8631982390115223,PhD,Software Engineer,Small,Remote,114296.75459390308
17.822862273961423,Bachelor,Designer,Medium,New York,140004.81253339406
10.554022181725998,Bachelor,Product Manager,Small,San Francisco,129121.12727340836
19.859295922386007,Master,Product Manager,Medium,Seattle,178792.99539144654
1.4759312947079772,Master,Product Manager,Large,Austin,129312.66961189143
11.077085688026415,Master,Designer,Large,New York,144587.8667293503
19.38605071238198,Master,Software Engineer,Small,San Francisco,166698.1094095808
10.461956883402976,Bachelor,Data Scientist,Medium,Remote,119115.70274861171
12.58797276270525,Master,Software Engineer,Medium,New York,152715.11055664168
13.914973779692343,Bachelor,Designer,Large,New York,138810.0929036154
9.090821295355465,Master,Data Scientist,Large,Austin,145385.75350132736
12.551161601681269,Bachelor,Designer,Medium,San Francisco,141239.9027108377
11.686286238462005,Bachelor,Product Manager,Small,Seattle,132233.94916022563
18.02316020981978,Bachelor,Product Manager,Large,Remote,161185.54250174444
0.9089276068291574,Bachelor,Designer,Small,San Francisco,94384.20913059628
5.619263791844606,Master,Data Scientist,Small,Remote,112566.62067033922
19.008229681531176,Bachelor,Data Scientist,Large,New York,161352.7071310611
17.805275677818326,Bachelor,Software Engineer,Small,Austin,139564.69815606464
9.11313505571426,Bachelor,Product Manager,Small,Austin,128442.82415005834
12.402651956030734,Bachelor,Software Engineer,Medium,Seattle,137252.09655942916
5.547623659622653,Bachelor,Software Engineer,Small,Austin,91411.09661201607
3.762423194475226,Bachelor,Designer,Medium,New York,101432.7831250508
9.273968098799642,Master,Designer,Large,Seattle,152771.2049993289
7.067044560521056,Master,Software Engineer,Large,San Francisco,148125.19530298514
11.673122237017441,Master,Product Manager,Medium,Austin,149374.87079046137
1.5546927392996968,Bachelor,Designer,Large,Seattle,111367.3488999598
19.48789615332333,Bachelor,Software Engineer,Small,New York,149478.92772099964
19.72421488959206,PhD,Software Engineer,Small,Remote,168049.76333422307
13.963234280394904,Master,Software Engineer,Small,Remote,135974.04268884604
10.721927326882408,Bachelor,Software Engineer,Large,New York,135034.4391972651
6.190552325726555,Bachelor,Software Engineer,Small,New York,105581.25175304928
16.275900394138972,Bachelor,Software Engineer,Large,Remote,140217.8845467913
13.694623451077586,Bachelor,Designer,Small,Seattle,130311.5008526588
3.252338786897826,Bachelor,Product Manager,Medium,Remote,110513.11456462154
18.21854368987685,Master,Software Engineer,Large,New York,177422.44891349366
16.45074485846338,Master,Data Scientist,Large,Austin,167515.18164141607
18.99599826583848,Master,Designer,Small,San Francisco,160969.35915730745
14.5143901677672,Master,Designer,Large,Austin,162575.75155661165
12.268303918715798,Master,Software Engineer,Large,Austin,150051.35953302993
8.364860725812377,Master,Designer,Medium,New York,135344.55301468997
18.654569667080267,PhD,Software Engineer,Medium,Remote,172658.1669923334
17.321277790008168,Bachelor,Product Manager,Small,Seattle,150293.1511277253
0.9043734021237881,Bachelor,Product Manager,Medium,Austin,95989.87506902423
0.5273394899450401,Bachelor,Designer,Small,Remote,72640.02037277765
7.5292673375609915,Master,Designer,Small,Seattle,123043.30634571359
16.211066615636657,PhD,Data Scientist,Small,Austin,172665.87320420664
19.74552258629889,Bachelor,Designer,Large,Seattle,159935.60428178418
3.0083378220705637,PhD,Data Scientist,Medium,Remote,140498.8564239506
11.882614307042703,Bachelor,Product Manager,Small,San Francisco,142541.89556861107
7.617817132620431,PhD,Product Manager,Medium,Remote,149742.5975039721
19.398287956292066,Bachelor,Software Engineer,Small,New York,140229.50319671503
16.842378462714173,Bachelor,Product Manager,Medium,Seattle,162100.66692591485
16.766574094222758,Bachelor,Data Scientist,Medium,San Francisco,162664.97692383436
9.373863195899405,Bachelor,Designer,Small,Seattle,117808.22604680259
8.296390046753304,Bachelor,Software Engineer,Large,Seattle,129997.55910230019
5.468141438614125,Bachelor,Data Scientist,Medium,Austin,118438.32859478256
1.1275099330185423,Master,Designer,Large,New York,120189.60741791553
17.294447525101063,Master,Software Engineer,Large,Seattle,179924.48705183977
16.258020182601552,Bachelor,Product Manager,Small,Remote,132669.34924028086
19.99435346572261,Master,Data Scientist,Small,Remote,150342.3472057726
19.93273674147811,Master,Designer,Small,Austin,150161.83336145076
11.108634112052549,Bachelor,Software Engineer,Medium,New York,129262.38008527375
15.37974830361021,Bachelor,Software Engineer,Small,New York,124212.10357025817
18.89531459764856,Bachelor,Product Manager,Small,Remote,145652.3708187713
16.99294781354823,Bachelor,Designer,Medium,San Francisco,155961.4666101276
4.946962034863953,Master,Product Manager,Medium,Austin,126192.56298548622
9.01088270620187,Bachelor,Product Manager,Small,Austin,111919.72136724515
2.5831883030298997,Master,Designer,Small,Remote,91234.7580247182
19.081020545174447,Master,Designer,Small,Remote,142362.53712045483
12.123492689017601,Bachelor,Designer,Small,San Francisco,125049.62301747614
4.572856110069255,Master,Data Scientist,Large,San Francisco,148413.97916635388
13.434013688117135,Bachelor,Designer,Large,New York,141409.42955273096
12.362564809157917,PhD,Software Engineer,Small,Austin,140246.34973384562
7.1632543606568095,Bachelor,Product Manager,Large,Austin,125223.2849454541
2.2711518439925804,Master,Data Scientist,Medium,Remote,98202.06682736202
13.431463911855992,Master,Designer,Large,New York,160007.11787783532
10.406154018075867,Bachelor,Data Scientist,Large,Austin,136294.59715731483
15.446367834712786,Master,Designer,Small,New York,146578.35916146415
10.403270022239868,PhD,Data Scientist,Large,New York,165521.12008766262
17.0436300063708,Master,Product Manager,Large,Remote,171252.92671677822
11.038136775489711,Master,Product Manager,Large,New York,164188.54285705215
11.218759430707726,PhD,Software Engineer,Large,San Francisco,175847.3658179731
17.5330720531669,Bachelor,Software Engineer,Medium,San Francisco,149832.07716716675
8.069657324247942,Bachelor,Designer,Small,Seattle,117938.32865341961
2.6803045690128147,Master,Product Manager,Small,Remote,115037.3304133887
0.5756535262667795,Bachelor,Data Scientist,Medium,Seattle,104817.29922017352
15.10274511347238,Master,Data Scientist,Large,San Francisco,182859.37356626516
12.406191027069294,PhD,Data Scientist,Medium,Seattle,169794.6196994234
14.081595361984471,Bachelor,Software Engineer,Large,Remote,132267.76807082968
4.259283230178214,Bachelor,Data Scientist,Medium,Remote,111914.1572153197
2.7274295117353953,Master,Software Engineer,Small,New York,99905.44412817717
0.29089331335763857,Bachelor,Software Engineer,Small,Austin,79445.16145521733
7.0117511761319395,Master,Designer,Small,New York,116456.87266460698
11.798353737092661,Bachelor,Data Scientist,Large,Remote,143651.24410471442
7.844880901994646,Master,Data Scientist,Large,San Francisco,163017.58597716404
8.749498440474582,Bachelor,Product Manager,Medium,San Francisco,132887.24644858716
18.083173889874967,Master,Designer,Medium,New York,159235.770464454
6.965109340466007,Bachelor,Product Manager,Small,Remote,106000.62901321982
10.279789783196216,Master,Designer,Large,San Francisco,154697.67767309144
15.673060254822861,Bachelor,Data Scientist,Medium,Remote,140118.2263021201
7.930855646425403,Master,Software Engineer,Large,San Francisco,146747.03230049633
12.44173400455747,PhD,Software Engineer,Large,Remote,160282.02245098905
17.247274174934905,Bachelor,Software Engineer,Small,Seattle,144135.9162658701
18.990412473152844,Bachelor,Software Engineer,Small,Remote,135369.11584526175
2.9414696185807587,Bachelor,Software Engineer,Large,Remote,104571.50622328826
18.53175250322989,Master,Product Manager,Large,New York,184153.29650818816
9.842325861590764,Master,Designer,Large,Seattle,148927.27121663993
5.1648877659791665,Master,Data Scientist,Large,Austin,139196.69890982367
9.182715124765226,Bachelor,Product Manager,Small,New York,122717.64929492299
19.600651505709543,Bachelor,Designer,Medium,Austin,138592.716789926
9.852361879857392,Master,Software Engineer,Small,San Francisco,133389.59771984766
6.575032205750164,Bachelor,Designer,Medium,Austin,97276.90951006995
12.668017086334515,PhD,Designer,Large,Remote,165281.9553514503
4.802912375563862,Bachelor,Software Engineer,Medium,Austin,108446.0463047538
1.5172665621732784,Master,Software Engineer,Small,New York,104019.36027061711
2.5775944382129845,Bachelor,Software Engineer,Small,New York,90463.82088881853
2.560916779155449,Bachelor,Data Scientist,Large,Austin,109813.10029762956
3.038053870245887,Master,Software Engineer,Small,New York,114580.34714864871
2.7765434529882027,Master,Data Scientist,Large,New York,142851.7978998383
12.817494896064293,PhD,Software Engineer,Small,Austin,145425.52006855517
3.6376016879828965,Bachelor,Data Scientist,Small,Seattle,111604.88266722724
6.913345666477264,Bachelor,Designer,Large,Seattle,125880.10157622624
17.935768198120236,Master,Product Manager,Medium,San Francisco,182745.15994480837
9.479232805257446,Master,Designer,Small,New York,130958.76982992195
13.351154770420543,Bachelor,Designer,Medium,Austin,125002.63570754774
3.4463974240325967,Bachelor,Software Engineer,Small,New York,96821.01446837097
3.8457803761734155,Bachelor,Data Scientist,Small,Remote,92778.71079307748
0.8173723253295773,PhD,Product Manager,Small,New York,119324.12014269146
3.378701261443291,Bachelor,Software Engineer,Small,New York,96578.15952791017
5.5718067806391725,Bachelor,Software Engineer,Medium,Seattle,113901.96021971635
3.5402096855349363,Bachelor,Software Engineer,Medium,Austin,93514.8633558767
1.7740506751411123,Bachelor,Designer,Small,New York,82736.46662317953
2.412717422012016,Bachelor,Data Scientist,Small,Seattle,99611.20791785132
9.215575360654515,Master,Data Scientist,Medium,San Francisco,157796.13877761518
4.12667436811585,Bachelor,Product Manager,Large,Seattle,127061.07502383739
7.285397220961509,Master,Data Scientist,Large,Seattle,147906.95446763825
10.068345417097138,Bachelor,Data Scientist,Medium,Seattle,136381.97755403147
13.807896572587307,Master,Software Engineer,Small,New York,134794.72086099067
0.7862427968219787,PhD,Software Engineer,Small,New York,114063.69459930426
15.988207978180853,Master,Designer,Large,San Francisco,164642.24025787646
12.558007789818156,Master,Software Engineer,Large,Remote,152274.08066948145
1.6351806389774382,Bachelor,Software Engineer,Medium,Remote,88398.72631473138
17.471572482135546,Bachelor,Software Engineer,Large,Remote,147335.12822139543
18.417448010636264,Master,Software Engineer,Medium,San Francisco,179832.39563086422
1.221559197097275,PhD,Designer,Large,Remote,120053.33317302239
5.5375529629440745,Master,Software Engineer,Large,Remote,125052.7238455922
16.124025595861227,Master,Product Manager,Large,Seattle,178090.43679105496
14.965193807673167,Master,Product Manager,Small,New York,149603.06281804043
3.6904203871275465,Bachelor,Product Manager,Small,New York,101468.34669135323
4.186986466734206,Bachelor,Product Manager,Small,Seattle,110098.50744603429
7.40944205582764,Master,Software Engineer,Large,Seattle,145304.34849661757
9.690459703820427,PhD,Product Manager,Medium,Seattle,170514.53986595318
12.365095430605919,Bachelor,Software Engineer,Medium,New York,127639.20155160826
7.378272791395448,Master,Designer,Medium,Remote,118732.98175377373
9.250694322662959,Bachelor,Product Manager,Medium,Seattle,140177.08942560502
14.94941876267513,Master,Data Scientist,Small,San Francisco,157509.14537386404
0.733664057811958,Bachelor,Product Manager,Small,Seattle,98177.36931134397
5.048738886880415,Bachelor,Product Manager,Large,Austin,125571.6118205412
14.266991717691049,Master,Software Engineer,Large,Seattle,166786.38783802092
17.904136753743987,Bachelor,Product Manager,Medium,New York,159814.1694075997
10.233548842313322,Master,Data Scientist,Small,Seattle,148549.9787082398
10.642269705306314,Master,Software Engineer,Medium,Austin,137269.9943580575
2.143440226795521,PhD,Software Engineer,Large,San Francisco,148234.1678739859
8.948247336469093,Bachelor,Designer,Large,Remote,112390.29394969699
10.652345329100463,Bachelor,Designer,Medium,Seattle,122696.02783069346
4.849410072694593,Bachelor,Product Manager,Large,Austin,117234.39868252818
5.384864618987619,PhD,Designer,Medium,Austin,135818.31189869076
7.545683262092453,PhD,Designer,Small,San Francisco,131470.65568949853
0.40142395555452737,Master,Designer,Medium,New York,108644.79595526012
6.441583311663566,Master,Software Engineer,Small,Seattle,119984.43040161455
4.2289601399308925,Master,Software Engineer,Small,Austin,105124.85434667209
6.5499470435582925,Master,Software Engineer,Large,San Francisco,145159.90292295293
2.3952426363850243,Bachelor,Designer,Large,Remote,104415.05120736524
17.8105456147979,Master,Software Engineer,Large,Austin,168513.21485282257
11.871849071080973,Bachelor,Designer,Medium,San Francisco,139567.43983845718
13.582046382889793,Master,Software Engineer,Medium,New York,157248.7734416494
15.783424772146766,Master,Software Engineer,Large,New York,168167.30168655232
9.968843978581145,Master,Data Scientist,Medium,Austin,133928.41308146738
1.7384057617484738,Bachelor,Product Manager,Large,Austin,114112.00353466657
10.742130836370956,Bachelor,Designer,Medium,Seattle,123515.15244128185
11.736822360417582,Bachelor,Data Scientist,Small,San Francisco,132692.94627181624
14.9087894836866,Bachelor,Software Engineer,Small,Austin,124253.24948781336
8.633190924593588,Bachelor,Designer,Large,Seattle,130228.79456331945
2.551606055911275,PhD,Software Engineer,Medium,Seattle,139715.36397283527
5.675518115974489,Master,Product Manager,Medium,Austin,134813.0758168259
7.261645927972702,Bachelor,Data Scientist,Small,New York,111114.21190258583
12.918344826632024,Bachelor,Product Manager,Small,San Francisco,145772.37907043565
11.415566093378239,Bachelor,Data Scientist,Large,San Francisco,151499.8990054575
7.121934517956925,Master,Software Engineer,Small,New York,127939.70268185329
19.730304975859593,Master,Product Manager,Large,Austin,181363.35848649053
12.115496387137743,PhD,Product Manager,Small,San Francisco,177332.42158452535
4.74453583471989,Bachelor,Software Engineer,Small,Austin,86853.27204530107
2.035649452408075,PhD,Product Manager,Medium,Austin,134204.91207017
3.0571827836866405,PhD,Designer,Small,Seattle,122516.6574829919
4.919154567690162,Bachelor,Data Scientist,Small,New York,106152.42267681286
3.2136274651911134,PhD,Data Scientist,Large,Austin,148949.96641166747
3.7313404810261153,Bachelor,Data Scientist,Small,Remote,84947.04542778071
5.701903373876942,Master,Designer,Large,New York,126565.79491141628
3.4674719058950965,Bachelor,Data Scientist,Small,San Francisco,103392.8753791041
17.935308492528502,PhD,Software Engineer,Small,Seattle,180406.84646357762
1.6046749132328442,PhD,Product Manager,Large,San Francisco,161302.04945368416
10.490227791405093,Master,Designer,Medium,San Francisco,141048.82733192964
8.20793653979323,Master,Data Scientist,Large,New York,147408.33524959933
19.64757233817213,Bachelor,Software Engineer,Large,San Francisco,179851.52399282384
2.240778043361047,Bachelor,Product Manager,Large,Austin,115331.73797852694
7.957111980914833,Bachelor,Product Manager,Medium,San Francisco,137185.39525378865
19.38940866550738,Bachelor,Designer,Small,Seattle,139261.74246240687
17.310142517879605,Master,Designer,Large,Seattle,166805.465984545
16.3414414189856,Bachelor,Designer,Large,Remote,144940.94330917258
5.158056540898796,PhD,Software Engineer,Medium,Seattle,153843.6775664067
3.4177517478013164,Master,Software Engineer,Large,San Francisco,135327.28322946723
13.37286439848862,Master,Designer,Small,Seattle,147143.30484155647
18.587519782551716,Bachelor,Data Scientist,Medium,New York,153325.61226620464
11.135257860278596,PhD,Product Manager,Small,Seattle,166074.0135576802
11.432253789397997,PhD,Product Manager,Small,Austin,161347.830392266
5.5995818732056835,Bachelor,Software Engineer,Medium,New York,111073.3626410989
15.389858663838737,Master,Product Manager,Large,Remote,164529.8663901794
3.7408749711504674,Master,Data Scientist,Small,Austin,115228.02973239233
6.473584728084873,Bachelor,Product Manager,Small,San Francisco,118870.98999907337
8.508728772328336,Master,Software Engineer,Small,San Francisco,141261.49320618715
10.1522075736891,Bachelor,Software Engineer,Small,San Francisco,126170.66968328023
4.848194648301605,Bachelor,Data Scientist,Medium,Austin,106655.83140413393
2.2967364947840707,Bachelor,Data Scientist,Medium,Austin,98869.37146777293
12.212400848832651,Bachelor,Product Manager,Small,Austin,119719.88998735612
5.772611064805115,Bachelor,Product Manager,Large,New York,129636.9723612954
11.624764428452245,Bachelor,Software Engineer,Small,New York,118554.10447538472
3.0872543054840462,PhD,Data Scientist,Large,San Francisco,153955.29525789473
9.62280203709635,Master,Data Scientist,Small,Seattle,138641.08123064402
10.651788651031717,PhD,Data Scientist,Large,San Francisco,184319.95137572262
1.0364707364485382,Bachelor,Product Manager,Small,Remote,87042.05152934852
6.732085563878412,Bachelor,Data Scientist,Large,New York,133509.88582423158
2.688293538779485,Master,Software Engineer,Small,Austin,99029.18070144177
1.2674994094553549,Bachelor,Software Engineer,Small,New York,93819.41204946577
19.799204647798906,Bachelor,Product Manager,Large,Austin,170006.687472271
6.447076899494459,Master,Designer,Medium,Remote,122067.5165472571
16.1974889170927,Bachelor,Product Manager,Large,Remote,165663.55331247175
5.092813095275277,Master,Designer,Medium,New York,117927.22132430942
13.630054444478585,Master,Data Scientist,Small,Austin,138744.84394892846
15.204557197793731,Bachelor,Product Manager,Large,Remote,149382.46098363763
11.912774812156886,Bachelor,Software Engineer,Large,San Francisco,153716.83568734824
9.431523771003167,Master,Data Scientist,Large,San Francisco,169924.42116538496
8.236818282945372,Bachelor,Software Engineer,Medium,Austin,111446.4124279871
6.9773653308599055,Bachelor,Data Scientist,Medium,New York,122838.31732497009
18.59058288495652,PhD,Product Manager,Small,Remote,170092.11220559073
16.612388155754584,Bachelor,Designer,Medium,New York,142927.7099799667
19.300538213330253,Master,Data Scientist,Medium,San Francisco,190448.9031070292
2.4859444697108946,PhD,Designer,Small,Remote,106256.1922219676
14.617349504072886,Bachelor,Data Scientist,Large,New York,145502.71017885001
18.766809136420758,Bachelor,Software Engineer,Large,Seattle,170019.93579366375
3.624661323313203,Bachelor,Software Engineer,Small,Austin,86710.45787691235
1.32992534733555,Bachelor,Data Scientist,Large,Austin,108274.19735718776
14.822412985801181,Bachelor,Designer,Medium,Seattle,143402.39314176163
11.489462263598238,Master,Product Manager,Small,San Francisco,155955.36105845027
16.83657553516544,Bachelor,Product Manager,Small,Remote,135001.12647773107
2.79544753252579,Master,Software Engineer,Small,Austin,100506.93403528577
15.905346237197804,PhD,Product Manager,Large,Seattle,183216.56981021844
4.032546400954891,Master,Software Engineer,Small,Seattle,120589.24328164567
3.27311885731409,Master,Product Manager,Small,San Francisco,128554.59807581345
3.285315958619859,Bachelor,Data Scientist,Small,San Francisco,117422.6292676382
16.29149440462764,Master,Software Engineer,Large,New York,170864.62336369228
13.303944413924002,Master,Software Engineer,Medium,Austin,142206.2063790978
10.461308495382386,Bachelor,Data Scientist,Small,New York,126718.27592802736
7.176609682470049,Bachelor,Software Engineer,Medium,Seattle,127285.4760772011
17.544010816262166,PhD,Product Manager,Large,Remote,186536.8733770241
7.848902148452708,Bachelor,Product Manager,Large,Remote,134514.93077322427
16.33198878943154,Bachelor,Software Engineer,Large,San Francisco,161219.42609136438
8.782698171404368,Bachelor,Product Manager,Large,Remote,132146.33336125262
7.538888588498152,Bachelor,Designer,Medium,Remote,105473.70770408836
9.253595713392128,Master,Software Engineer,Small,Remote,121684.69506024732
6.027557483282841,Master,Data Scientist,Large,Seattle,151190.28169292797
14.952187603525022,Master,Designer,Large,Remote,148193.2769077592
10.054407801849583,Bachelor,Software Engineer,Medium,Remote,120631.71160900596
4.644253902936346,Bachelor,Data Scientist,Medium,Remote,103310.62509327695
17.991491465491368,Bachelor,Product Manager,Large,New York,166129.33758509814
7.677824427464229,Bachelor,Data Scientist,Small,Seattle,115261.78344582603
10.871057222279772,Bachelor,Designer,Small,San Francisco,132313.113624221
18.12944221929094,Master,Product Manager,Large,New York,180678.4095174131
12.484759918279842,Bachelor,Software Engineer,Medium,Austin,133912.45588864177
2.3379608141672814,Master,Product Manager,Large,Seattle,136336.548963451
18.796642472269504,Bachelor,Software Engineer,Large,Seattle,168829.45464217942
12.554161061428356,Bachelor,Software Engineer,Medium,Austin,129147.90044173924
6.6981122931417225,Bachelor,Data Scientist,Large,Austin,133200.4712780563
2.785441453267745,PhD,Data Scientist,Large,Austin,140084.31488396064
15.880503785405919,Master,Data Scientist,Large,San Francisco,177988.19026641583
12.40145511857027,PhD,Designer,Medium,Remote,146621.8134639759
10.66922183952643,Bachelor,Designer,Small,Seattle,125331.67466478155
17.877851661019154,Bachelor,Data Scientist,Small,Remote,129212.76258333863
15.771944224490614,Master,Designer,Medium,Remote,129373.74951245083
3.0334975946550236,Bachelor,Product Manager,Small,Austin,99399.3319708315
6.234441355910965,Master,Product Manager,Large,San Francisco,163450.93865753795
4.969782796289315,Bachelor,Designer,Small,New York,89840.31872566864
14.87892585145354,Bachelor,Designer,Large,San Francisco,158876.43842112695
0.6706486947155876,Bachelor,Product Manager,Small,Remote,81832.39115908448
11.39779369742633,Bachelor,Software Engineer,Medium,San Francisco,138460.5884138206
15.24917371481381,Master,Product Manager,Small,Austin,154510.93272087173
17.53531273523499,Bachelor,Product Manager,Small,New York,141668.61119701277
6.841634974318149,Bachelor,Designer,Small,Austin,96432.47158049222
16.425146093440258,Bachelor,Product Manager,Medium,New York,160350.30583678198
2.2126347391041445,Bachelor,Designer,Small,Remote,79007.57471336919
16.929045834690363,Master,Designer,Medium,New York,152184.00721611726
2.5497732466396483,PhD,Data Scientist,Large,New York,155242.91150350292
7.945745811207345,PhD,Product Manager,Small,New York,152129.19999323448
15.945907315591072,Master,Software Engineer,Medium,San Francisco,158535.48194715168
2.9983485469754756,Bachelor,Data Scientist,Medium,San Francisco,123316.26371459756
4.585027904652829,Master,Designer,Small,Remote,95898.21245187211
14.445051367861325,Bachelor,Designer,Large,New York,144317.9718417963
14.400730730921488,Bachelor,Software Engineer,Medium,Seattle,148242.21221423076
12.822952657705946,Master,Designer,Small,Remote,120720.83504979368
13.878968889342001,Bachelor,Product Manager,Large,New York,148408.94359781692
10.854488866951923,PhD,Data Scientist,Medium,New York,170091.1925603849
5.035981178139055,Bachelor,Designer,Medium,San Francisco,120930.8608904269
6.913919870078389,Master,Designer,Large,Remote,125305.47954432043
3.6319543360285134,Master,Software Engineer,Large,New York,135162.97026554612
18.169011226672566,PhD,Product Manager,Small,New York,177660.10001969925
11.667835895322408,Master,Designer,Small,Remote,120488.35856977147
8.017028335272798,Master,Software Engineer,Medium,Seattle,138329.6452926347
9.240116072882653,Bachelor,Designer,Large,Remote,116075.62779186145
18.945666792236306,Master,Software Engineer,Large,Remote,168633.5132771377
3.067028062321604,Bachelor,Software Engineer,Large,Seattle,113160.19006873688
11.724596640335944,Master,Product Manager,Medium,Remote,143915.88576717992
10.11777357768932,Master,Designer,Large,New York,146925.71809548498
12.229084708692957,Master,Product Manager,Large,Remote,165877.75766588704
0.36220367641681017,Bachelor,Software Engineer,Medium,Seattle,95248.93995268695
17.44247817888303,Bachelor,Data Scientist,Small,Austin,139930.19982531123
18.642365649672247,Master,Designer,Small,Remote,144077.84083115603
11.30266367178418,Bachelor,Data Scientist,Medium,San Francisco,134524.39736193887
13.933016477537844,Bachelor,Designer,Large,New York,143851.70950465978
18.449987623545915,Bachelor,Product Manager,Medium,New York,164751.38826555666
14.144772686267972,PhD,Product Manager,Small,San Francisco,180377.58145571608
3.050780858285227,Master,Product Manager,Small,San Francisco,128732.7063004923
11.525767203336263,Bachelor,Product Manager,Medium,Remote,131243.50179262093
12.134300927657119,Bachelor,Product Manager,Medium,San Francisco,152252.1262692165
8.48261342604772,Bachelor,Data Scientist,Small,Austin,102000.5535865672
14.728884712494457,Master,Product Manager,Medium,Seattle,170153.25576125568
18.687340295380295,Master,Software Engineer,Small,San Francisco,164226.6688562325
18.51137025813553,Bachelor,Software Engineer,Medium,San Francisco,157009.99991941667
9.016787428082642,Bachelor,Data Scientist,Medium,Austin,134475.2120521812
2.264760916815105,Bachelor,Designer,Medium,New York,103057.3613485431
19.69682397924669,Master,Software Engineer,Small,New York,153339.61163616815
16.777961728918683,Master,Designer,Medium,Remote,147067.06616958525
2.493253624065337,Bachelor,Data Scientist,Small,Austin,99769.88725001764
18.416837652347446,Bachelor,Designer,Small,Seattle,132769.51718666233
17.397927241242567,Bachelor,Designer,Medium,Seattle,147578.69743076348
10.376761142521442,PhD,Designer,Medium,Austin,146750.64705616178
11.825508714898586,Bachelor,Designer,Small,Seattle,114104.06173220064
7.980054077402605,Master,Data Scientist,Small,New York,130837.91375526896
1.0952327764406267,Master,Software Engineer,Large,Seattle,133866.9302819125
6.703944832918019,Bachelor,Product Manager,Small,Seattle,127652.07245584983
16.057068971960227,Bachelor,Designer,Large,Austin,141924.38640775095
0.09264046009205718,Bachelor,Software Engineer,Large,Austin,112786.14655595174
6.669983433822884,Master,Software Engineer,Large,Seattle,134720.1165344849
7.963373871818867,Master,Data Scientist,Medium,San Francisco,150671.20516452892
10.747912058758457,Master,Software Engineer,Medium,Austin,130182.26457662608
18.39711232825521,Master,Data Scientist,Small,Remote,150642.25017225012
6.926919887319225,Bachelor,Designer,Large,Remote,108171.22591143253
6.939064037924554,PhD,Designer,Medium,New York,143351.57939572647
14.750024962194967,Master,Product Manager,Medium,Seattle,168615.67131607392
9.044358817796143,Bachelor,Product Manager,Medium,San Francisco,138003.15556325586
4.492096458799639,PhD,Product Manager,Medium,New York,144674.83463857902
9.048790322653868,Master,Software Engineer,Medium,Seattle,151808.66845520938
2.817140407595997,Master,Designer,Large,Austin,120669.03991510006
3.527739730124466,Master,Data Scientist,Large,Remote,117072.57565768146
9.967355454789594,Master,Product Manager,Large,San Francisco,172656.00503995258
8.378508990090959,Master,Data Scientist,Large,Remote,139162.1436584829
18.296918021362,Bachelor,Data Scientist,Small,Austin,139913.7594995717
7.247877982332662,Bachelor,Product Manager,Large,Seattle,145843.07471690697
11.61176700556087,PhD,Designer,Medium,Austin,155751.43688524683
12.645285758390607,Bachelor,Product Manager,Large,Austin,143641.79363556838
0.2618891317666727,Bachelor,Data Scientist,Small,Remote,80636.95912452311
13.270747440334212,Bachelor,Product Manager,Medium,San Francisco,152081.6873073098
3.5607193373950285,Bachelor,Data Scientist,Large,Austin,118666.4689175564
19.221406349389103,Master,Data Scientist,Large,Remote,171502.69657948648
2.973254555062259,PhD,Product Manager,Large,San Francisco,164066.02106369616
8.292482474540474,Bachelor,Software Engineer,Medium,Seattle,123526.06361857061
1.7069933615728772,Bachelor,Product Manager,Medium,Seattle,114590.38250687199
19.937485036918947,Bachelor,Software Engineer,Small,New York,153335.71014039754
10.043900206624851,PhD,Data Scientist,Medium,Remote,162085.53144371317
11.907700346400876,Master,Data Scientist,Medium,San Francisco,162608.561507915
1.3415295477685496,Bachelor,Software Engineer,Large,Austin,103524.73974422112
14.999209407983557,Master,Data Scientist,Medium,Seattle,157019.44441950228
4.198111861911715,PhD,Software Engineer,Large,San Francisco,153792.24458667828
17.961085788814273,Master,Software Engineer,Large,Remote,163249.5771875133
4.102792809640143,PhD,Data Scientist,Medium,New York,138733.0623257333
3.8137544132733314,Bachelor,Designer,Small,Seattle,93391.75942546038
0.7309933569618976,Master,Software Engineer,Small,San Francisco,120069.92744116652
9.441338902199984,Bachelor,Product Manager,Medium,San Francisco,143467.97077529237
11.296822665252328,Master,Product Manager,Small,San Francisco,154481.52795276666
1.3141727885670473,Master,Data Scientist,Large,Remote,115571.56556401
15.510552333900211,Master,Designer,Large,Remote,157419.38062554857
9.065776694960553,Master,Data Scientist,Medium,Remote,131134.43694493882
10.487805386551601,Bachelor,Designer,Small,Austin,103859.09783390052
8.815254938764562,Master,Software Engineer,Small,San Francisco,128542.01072974646
8.01526121750652,PhD,Software Engineer,Large,Seattle,163740.27408376275
11.192806626164359,PhD,Software Engineer,Medium,Remote,145818.12986960605
3.10480491861425,Bachelor,Software Engineer,Small,Remote,92737.31348592724
3.6385626099054225,Bachelor,Product Manager,Medium,San Francisco,135135.18128972602
17.235712420270346,Bachelor,Product Manager,Small,Remote,130530.73478697968
18.922309242672654,Master,Data Scientist,Large,Austin,171156.16153861297
7.466186325595059,Master,Designer,Large,Austin,131016.96080115292
5.414893462871076,Bachelor,Software Engineer,Medium,Remote,97164.49091164187
12.879990864780314,Master,Software Engineer,Large,San Francisco,169727.05547277452
8.174683421961928,Master,Designer,Small,San Francisco,127890.93282045795
0.5077271132068972,Master,Designer,Large,San Francisco,127925.843042397
3.123051947323807,Master,Data Scientist,Medium,New York,129449.62345020626
14.319444576947951,Master,Designer,Medium,Remote,132637.22617916632
13.178478838203027,Master,Software Engineer,Medium,San Francisco,164511.49262699607
0.5419198500696698,Bachelor,Software Engineer,Small,Austin,77982.49747860813
4.439443238658988,Master,Software Engineer,Small,Seattle,129060.74396172084
4.621495931761428,Master,Software Engineer,Small,Seattle,126969.36762653122
13.437854871974569,PhD,Software Engineer,Small,San Francisco,164748.16293649253
0.3942107550872831,Master,Data Scientist,Small,Seattle,106364.71504261163
2.082171639691477,Master,Software Engineer,Large,Seattle,125472.18502070151
15.998321707463788,Bachelor,Data Scientist,Small,New York,142363.107632764
3.5708932410866723,Bachelor,Software Engineer,Small,Austin,90560.66589060753
13.054922157037494,Bachelor,Product Manager,Large,Austin,153799.10089987228
4.76365562093453,Bachelor,Product Manager,Small,New York,120312.11170928179
1.9888278551869032,Master,Product Manager,Medium,New York,122114.5688719801
4.863443819989081,PhD,Product Manager,Small,Seattle,138439.6402411768
14.445338637113183,Bachelor,Data Scientist,Small,Remote,124298.81708400267
17.113929362125717,Bachelor,Data Scientist,Medium,Seattle,162065.58614363862
16.604397291339833,Master,Designer,Medium,New York,150110.89042509074
7.943670592369097,Bachelor,Software Engineer,Medium,Austin,114004.13547090351
13.361702731412922,Master,Product Manager,Medium,Seattle,171935.3265000937
4.099685908316419,Master,Data Scientist,Small,Remote,99134.6685324974
5.862954605220265,Master,Software Engineer,Medium,Seattle,133765.4536228563
17.926716370422394,Bachelor,Software Engineer,Medium,San Francisco,156079.63364327326
0.2600384702147207,Bachelor,Data Scientist,Large,Seattle,116400.89836550067
1.7101706170893616,Master,Product Manager,Medium,New York,128679.43330418653
4.157725102920546,Master,Designer,Medium,Austin,113577.2178482021
0.5306440774763943,Bachelor,Software Engineer,Large,Austin,96540.82022186992
3.6287087017959463,Master,Designer,Large,New York,123379.89541422045
11.660831219393843,Bachelor,Product Manager,Small,San Francisco,147115.45855980384
8.428491011849959,Master,Product Manager,Large,New York,156930.13750517037
17.853434221539498,Bachelor,Designer,Small,Seattle,142761.89830254274
16.34887123476882,PhD,Product Manager,Large,New York,195298.09025522167
6.836347033957519,Bachelor,Software Engineer,Large,New York,129554.62144308216
5.18846866862585,Bachelor,Designer,Small,San Francisco,103584.67555619094
7.5938481633453385,Bachelor,Product Manager,Large,Seattle,138943.98625619884
11.805898850296154,Bachelor,Designer,Small,Remote,109236.1851301287
5.361272816457525,PhD,Software Engineer,Large,Remote,146720.68850160035
12.48297815698268,PhD,Product Manager,Medium,Austin,162877.5279169648
8.188233043824809,Bachelor,Software Engineer,Large,New York,126684.97507435578
11.040943617039606,Bachelor,Product Manager,Small,Austin,122306.69870996427
8.722530582706334,Master,Data Scientist,Large,San Francisco,169266.71477303223
5.889315190838353,PhD,Product Manager,Small,Remote,135483.62284835638
18.969066139243132,Master,Designer,Small,New York,145286.76426839997
15.272115883195216,Bachelor,Product Manager,Medium,San Francisco,160351.4336916381
2.802263515329051,Bachelor,Software Engineer,Medium,San Francisco,112177.39676723498
17.369359517958255,Master,Software Engineer,Small,New York,146241.73077385512
9.748623964990273,Bachelor,Product Manager,Large,San Francisco,153721.9123104972
17.89104453788183,Master,Designer,Small,New York,147222.9464156136
15.997105118946305,Bachelor,Data Scientist,Small,New York,136183.15273875312
8.504270089384669,Master,Designer,Large,Seattle,143475.90343124495
0.44938616640234796,Bachelor,Data Scientist,Large,Austin,113705.12624095105
5.373547187698922,Master,Software Engineer,Large,San Francisco,144302.1259825942
10.832684293217339,Bachelor,Designer,Large,San Francisco,142746.40816115332
12.669564396522945,Master,Data Scientist,Small,Seattle,147714.8696281852
5.157753708664046,Bachelor,Product Manager,Small,Seattle,112948.17687415546
2.7871214814564826,Master,Software Engineer,Medium,Seattle,123758.88810620795
16.69860473598598,Master,Product Manager,Small,Remote,150422.56718844676
19.68804361407104,Master,Software Engineer,Large,Remote,169462.9134767092
10.513803646053717,Master,Designer,Medium,Remote,122245.24522767904
3.43358571696607,Master,Designer,Large,New York,124270.134614635
5.446146530387379,Master,Software Engineer,Small,San Francisco,130140.04896791143
0.36781353094933467,Bachelor,Software Engineer,Medium,Austin,90204.3574359478
18.28597613120998,Master,Software Engineer,Large,New York,175666.83795663624
2.3550216578028227,Bachelor,Designer,Medium,San Francisco,107900.24997704025
11.530329510285071,Bachelor,Data Scientist,Medium,San Francisco,146677.9641845248
5.48110441374412,Bachelor,Product Manager,Small,Seattle,119236.56781630141
11.083560050315867,Bachelor,Product Manager,Large,Seattle,152379.9271022015
13.028407767037285,Master,Designer,Medium,New York,139528.54678565136
16.594836074144034,Master,Product Manager,Medium,Seattle,168690.93157905774
4.128425435212064,Master,Software Engineer,Large,San Francisco,147473.708369318
0.21991657316960955,Master,Data Scientist,Medium,Seattle,124511.00195936416
2.7377126013761455,Bachelor,Product Manager,Medium,Remote,106459.96122581606
18.0003728369621,Bachelor,Data Scientist,Medium,Seattle,163057.13615019966
17.477801551250305,Bachelor,Software Engineer,Large,San Francisco,166625.62473562147
11.948262043406165,Bachelor,Product Manager,Large,New York,147720.40404139075
12.010337208673068,Bachelor,Designer,Large,Austin,126128.97457702902
13.30073349092511,Bachelor,Data Scientist,Large,Seattle,149455.45048984783
3.507425572468992,Master,Software Engineer,Small,San Francisco,126583.07016015863
18.288238918499196,Master,Data Scientist,Medium,Austin,162398.99247672685
8.375410497841463,PhD,Product Manager,Large,Austin,170400.52683957882
7.662770564989949,PhD,Product Manager,Medium,Remote,147053.88254306657
10.37835410565675,Master,Designer,Medium,Austin,127753.85627575814
0.9393193355011009,Bachelor,Software Engineer,Small,San Francisco,92346.13401875258
3.325667375121588,Master,Software Engineer,Large,San Francisco,137036.230340426
14.76067232852741,Master,Designer,Large,Seattle,171373.21090011369
1.6559733585025294,Bachelor,Designer,Medium,Seattle,94546.86967660852
12.063042189327764,Bachelor,Software Engineer,Large,Seattle,156772.86067538155
4.906982193626419,Master,Data Scientist,Medium,Austin,120517.90944353104
7.785912280839531,Bachelor,Data Scientist,Medium,Austin,122107.48669577482
5.773874735413997,Master,Designer,Small,Remote,101595.36773496705
7.113454329298983,Master,Data Scientist,Small,Seattle,129737.56507526603
14.380918103684909,Bachelor,Software Engineer,Small,New York,121785.65042542905
5.942434312463501,Bachelor,Product Manager,Medium,Remote,112335.33802363431
11.328092805937944,Bachelor,Product Manager,Large,New York,143192.8484359838
9.521008043981993,Bachelor,Data Scientist,Small,Austin,105155.13863310877
13.273423307252962,Bachelor,Designer,Large,Remote,130418.26331284613
18.73659478649516,Master,Designer,Small,Remote,138032.66882530673
14.651441944205006,Bachelor,Designer,Small,San Francisco,142376.06841323993
4.298807571815136,Master,Designer,Medium,Austin,117896.53129090951
0.6236627012256934,Bachelor,Designer,Small,Austin,85358.14901036094
5.245280885996502,PhD,Data Scientist,Small,Remote,122331.42813545001
11.901558614005097,Bachelor,Product Manager,Medium,Austin,136385.36454267174
1.028516269685007,Bachelor,Product Manager,Large,Remote,94982.19401064975
9.927324944024727,PhD,Data Scientist,Small,San Francisco,158372.96292864057
11.936856978337785,Master,Designer,Medium,Remote,131303.06267513675
6.684877816339217,Bachelor,Data Scientist,Small,Austin,105824.87383752651
15.418244074916439,Master,Product Manager,Medium,Austin,161042.89017204096
2.131965062675436,Bachelor,Software Engineer,Large,Remote,101728.85804678465
1.5027556347161752,Bachelor,Data Scientist,Large,Remote,90942.05373333147
14.563775124072066,Bachelor,Designer,Medium,Remote,124972.4345526261
9.90982632412397,Bachelor,Product Manager,Medium,Seattle,142146.6784320221
13.76804792855472,Master,Product Manager,Medium,Austin,162994.27079880843
8.696546772074925,Bachelor,Product Manager,Large,Austin,137933.33061260942
4.928040664782136,Bachelor,Product Manager,Small,Seattle,114130.43666078022
16.382046353483993,Master,Designer,Large,Remote,159670.84867160683
15.988317579379585,Master,Software Engineer,Medium,San Francisco,156178.28161514137
13.893929417088536,Bachelor,Product Manager,Medium,Remote,134107.0455981299
5.4429027445992535,Master,Data Scientist,Large,Remote,127499.6583335042
11.804613337381742,Bachelor,Software Engineer,Medium,Seattle,135241.23101298866
7.2194779388005355,Master,Product Manager,Large,Austin,135664.9697552558
1.831641466532683,Master,Software Engineer,Medium,Remote,112093.10271081665
18.346271509244858,PhD,Data Scientist,Small,Austin,168789.76502931336
2.736372618379228,Bachelor,Product Manager,Small,New York,104803.10131093235
19.00474707641605,Bachelor,Data Scientist,Medium,Austin,153129.69735454762
8.920115459159115,Bachelor,Designer,Large,San Francisco,143072.7958518621
